"","effect","group","term","estimate","std.error"
"1","fixed",NA,"(Intercept)",-5.8893621873704,0.272609491725252
"2","fixed",NA,"sex.parentm",-0.50189627383571,0.19187318029861
"3","fixed",NA,"sex.chickm",-0.315912695740457,0.407616090508431
"4","fixed",NA,"z.age",-0.700687910596326,0.229988282362301
"5","fixed",NA,"yearf2017",-2.24575524921634,0.491191166930666
"6","fixed",NA,"yearf2018",0.0617519666884389,0.491827155207522
"7","ran_pars","birdID.chick","sd__(Intercept)",0.530473018851896,NA
"8","ran_pars","birdID.chick","cor__(Intercept).z.age",0.602075716318476,NA
"9","ran_pars","birdID.chick","sd__z.age",0.687165435958173,NA
