"","effect","group","term","estimate","std.error"
"1","fixed",NA,"(Intercept)",-6.12954260419886,0.24990369646705
"2","fixed",NA,"sex.parentm",-0.414187679907626,0.181358420414727
"3","fixed",NA,"sex.chickm",-0.488759718246939,0.285023719878551
"4","fixed",NA,"z.age",-0.903812196708126,0.236734333953572
"5","fixed",NA,"yearf2017",-2.08361497831725,0.397936676963011
"6","fixed",NA,"yearf2018",0.399926916273048,0.353753196704786
"7","ran_pars","birdID.chick","sd__(Intercept)",0.563605644973378,NA
"8","ran_pars","birdID.chick","cor__(Intercept).z.age",0.872843693007357,NA
"9","ran_pars","birdID.chick","sd__z.age",0.717524970181719,NA
